Extracted_Pathology,Normalized_Pathology
,
- ,-
6. A complication of acute otitis media,a complication of acute otitis media
Case 10: Abdominal aortic aneurysm (AAA),abdominal aortic aneurysm aaa
6. Abdominal aortic aneurysm (AAA) rupture,abdominal aortic aneurysm aaa rupture
Abdominal trauma with possible internal bleeding ,abdominal trauma with possible internal bleeding
9. Abrasion ,abrasion
3. AC joint sprain,ac joint sprain
8. Acalculous cholecystitis,acalculous cholecystitis
7. ACE inhibitor-induced cough,ace inhibitor-induced cough
1. Achalasia,achalasia
10. Achilles tendon rupture,achilles tendon rupture
8. Achilles tendonitis,achilles tendonitis
9. ACL graft failure,acl graft failure
3. Acne vulgaris ,acne vulgaris
Acromegaly,acromegaly
8. Actinic keratosis ,actinic keratosis
9. Acute angle-closure glaucoma,acute angle-closure glaucoma
8. Acute asthma exacerbation,acute asthma exacerbation
5. Acute bronchitis,acute bronchitis
1. Acute cholecystitis,acute cholecystitis
5. Acute Cholecystitis/Choledocholithiasis with Cholangitis,acute cholecystitis/choledocholithiasis with cholangitis
3. Acute coronary syndrome ,acute coronary syndrome
"6. Acute coronary syndrome (ACS), potentially myocardial infarction","acute coronary syndrome acs, potentially myocardial infarction"
3. Acute decompensated heart failure leading to pulmonary edema,acute decompensated heart failure leading to pulmonary edema
9. Acute Diverticulitis,acute diverticulitis
7. Acute Hepatitis B infection,acute hepatitis b infection
6. Acute HIV infection (seroconversion illness),acute hiv infection seroconversion illness
Case 9: Acute Ischemic Stroke,acute ischemic stroke
Acute Mesenteric Ischemia,acute mesenteric ischemia
9. Acute necrotizing ulcerative gingivitis (ANUG),acute necrotizing ulcerative gingivitis anug
Acute otitis media,acute otitis media
8. Acute otitis media (AOM),acute otitis media aom
6. Acute otitis media with tympanic membrane perforation ,acute otitis media with tympanic membrane perforation
"Acute otitis media, possible complication of labyrinthitis or mastoiditis","acute otitis media, possible complication of labyrinthitis or mastoiditis"
5. Acute pancreatitis,acute pancreatitis
3. Acute respiratory distress syndrome (ARDS),acute respiratory distress syndrome ards
6. Acute sinusitis,acute sinusitis
5. Acute Stress Disorder (ASD),acute stress disorder asd
6. Acute stroke / Atherosclerosis,acute stroke / atherosclerosis
2. Acute urinary retention,acute urinary retention
1. Acute urinary retention due to BPH,acute urinary retention due to bph
Addison's Disease,addison's disease
6. ADHD - Predominantly Inattentive Presentation,adhd - predominantly inattentive presentation
Adhesive capsulitis (frozen shoulder),adhesive capsulitis frozen shoulder
Adult Attention Deficit Hyperactivity Disorder (ADHD),adult attention deficit hyperactivity disorder adhd
Adult Attention Deficit Hyperactivity Disorder.,adult attention deficit hyperactivity disorder.
1. Advanced periodontitis ,advanced periodontitis
1. Age-related macular degeneration (AMD),age-related macular degeneration amd
9. Age-related macular degeneration (progression to wet form),age-related macular degeneration progression to wet form
5. Aggressive or refractory periodontitis,aggressive or refractory periodontitis
7. Akathisia,akathisia
1. Alcoholic cardiomyopathy,alcoholic cardiomyopathy
10. Alcoholic cerebellar degeneration,alcoholic cerebellar degeneration
10. Alcoholic Gastritis/Pancreatitis,alcoholic gastritis/pancreatitis
Alcoholic hepatitis,alcoholic hepatitis
8. Alcoholic liver disease,alcoholic liver disease
7. Alcoholic liver disease (ALD) or non-alcoholic fatty liver disease (NAFLD),alcoholic liver disease ald or non-alcoholic fatty liver disease nafld
6. Allergic asthma,allergic asthma
2. Allergic asthma (allergic march) ,allergic asthma allergic march
Allergic conjunctivitis,allergic conjunctivitis
9. Allergic rhinitis,allergic rhinitis
2. Allergic rhinitis and sinusitis,allergic rhinitis and sinusitis
Alzheimer's disease,alzheimer's disease
Alzheimer's disease and/or vascular dementia,alzheimer's disease and/or vascular dementia
9. Amaurosis fugax (temporary loss of vision due to decreased blood flow to the eye),amaurosis fugax temporary loss of vision due to decreased blood flow to the eye
Case 4: Anaphylactic reaction,anaphylactic reaction
Anaphylaxis,anaphylaxis
4. Anemia,anemia
9. Anemia / malabsorptive disorders,anemia / malabsorptive disorders
Case 4: Anemia (Hepatitis B associated aplastic anemia),anemia hepatitis b associated aplastic anemia
8. Anemia of chronic disease,anemia of chronic disease
5. Anemia of chronic disease (inflammation),anemia of chronic disease inflammation
10. Anemia secondary to menorrhagia,anemia secondary to menorrhagia
7. Angina ,angina
10. Angular cheilitis (perleche),angular cheilitis perleche
6. Anisakiasis (parasitic infection),anisakiasis parasitic infection
3. Ankle dislocation,ankle dislocation
Ankle fracture,ankle fracture
Ankle osteoarthritis,ankle osteoarthritis
8. Ankle sprain or fracture,ankle sprain or fracture
Case 9: Ankylosing spondylitis,ankylosing spondylitis
7. Ankylosing spondylitis (AS),ankylosing spondylitis as
3. Anorexia Nervosa,anorexia nervosa
6. Anterior cruciate ligament (ACL) sprain or tear,anterior cruciate ligament acl sprain or tear
9. Anterior cruciate ligament (ACL) tear,anterior cruciate ligament acl tear
8. Anterior shoulder dislocation,anterior shoulder dislocation
10. Anterior wall ST-elevation myocardial infarction (STEMI),anterior wall st-elevation myocardial infarction stemi
Anterior wall ST-segment elevation myocardial infarction (STEMI),anterior wall st-segment elevation myocardial infarction stemi
Anxiety disorder ,anxiety disorder
2. Aortic dissection,aortic dissection
10. Aphthous ulcers (possibly related to Crohn's disease),aphthous ulcers possibly related to crohn's disease
6. Appendiceal abscess/stump appendicitis,appendiceal abscess/stump appendicitis
Aromatase inhibitor-induced arthralgia,aromatase inhibitor-induced arthralgia
5. Arthritis.,arthritis.
8. Aspiration pneumonia,aspiration pneumonia
Aspiration pneumonia leading to a lung abscess or empyema,aspiration pneumonia leading to a lung abscess or empyema
Aspirin-exacerbated respiratory disease (AERD),aspirin-exacerbated respiratory disease aerd
4. Asthma,asthma
9. Asthma exacerbation,asthma exacerbation
Asthma with cat allergy ,asthma with cat allergy
Asymptomatic Bacteriuria,asymptomatic bacteriuria
6. Atopic dermatitis,atopic dermatitis
3. Atrial fibrillation,atrial fibrillation
3. Atrial fibrillation (AF),atrial fibrillation af
4. Atrophic vaginitis,atrophic vaginitis
Attention Deficit Hyperactivity Disorder (ADHD),attention deficit hyperactivity disorder adhd
"Case 3: Attention Deficit Hyperactivity Disorder (ADHD), Predominantly Hyperactive-Impulsive Presentation","attention deficit hyperactivity disorder adhd, predominantly hyperactive-impulsive presentation"
Case 7: Autism Spectrum Disorder,autism spectrum disorder
4. Autism Spectrum Disorder (ASD),autism spectrum disorder asd
7. Autoimmune disease / rheumatoid arthritis or lupus / fibromyalgia / thyroid disorder,autoimmune disease / rheumatoid arthritis or lupus / fibromyalgia / thyroid disorder
Autoimmune hemolytic anemia,autoimmune hemolytic anemia
3. Autonomic dysfunction/Labile hypertension,autonomic dysfunction/labile hypertension
4. Bacillus cereus gastroenteritis,bacillus cereus gastroenteritis
9. Bacterial conjunctivitis,bacterial conjunctivitis
1. Bacterial infection by Pasteurella multocida,bacterial infection by pasteurella multocida
"Bacterial infection (not specified, possibly Escherichia coli O157:H7)","bacterial infection not specified, possibly escherichia coli o157:h7"
Case 6: Bacterial meningitis,bacterial meningitis
6. Bacterial vaginosis (BV) and/or trichomoniasis,bacterial vaginosis bv and/or trichomoniasis
10. Bacterial vaginosis (possible Pelvic inflammatory disease),bacterial vaginosis possible pelvic inflammatory disease
5. Basal cell carcinoma ,basal cell carcinoma
8. Benign paroxysmal positional vertigo (BPPV),benign paroxysmal positional vertigo bppv
Benign prostatic hyperplasia (BPH),benign prostatic hyperplasia bph
"10. Benign prostatic hyperplasia (BPH), with medication side effects","benign prostatic hyperplasia bph, with medication side effects"
10. Biceps tendonitis,biceps tendonitis
6. Bilateral otitis media with effusion (OME),bilateral otitis media with effusion ome
4. Biliary colic (due to gallstones),biliary colic due to gallstones
3. Bipolar disorder,bipolar disorder
Bladder cancer or other urinary tract malignancies,bladder cancer or other urinary tract malignancies
3. Bladder endometriosis,bladder endometriosis
4. Bleeding disorder,bleeding disorder
2. Bleeding Peptic Ulcer,bleeding peptic ulcer
Blood clotting disorders/liver disease/vitamin deficiencies,blood clotting disorders/liver disease/vitamin deficiencies
4. Body packing (illicit drug toxicity),body packing illicit drug toxicity
3. Both-bone Forearm Fracture,both-bone forearm fracture
Botulism,botulism
5. Bowel endometriosis,bowel endometriosis
6. Bowel obstruction,bowel obstruction
"7. Bradycardia (cause not yet determined, investigations ongoing)","bradycardia cause not yet determined, investigations ongoing"
3. Brain tumor or increased intracranial pressure,brain tumor or increased intracranial pressure
1. Brain tumor or subacute hemorrhage,brain tumor or subacute hemorrhage
8. Breast lump (cause undetermined),breast lump cause undetermined
2. Bronchiectasis,bronchiectasis
10. Candida paronychia (yeast infection),candida paronychia yeast infection
2. Candidiasis (or STIs like trichomoniasis or bacterial vaginosis),candidiasis or stis like trichomoniasis or bacterial vaginosis
Carcinoid syndrome ,carcinoid syndrome
10. Carcinoid syndrome (neuroendocrine tumor),carcinoid syndrome neuroendocrine tumor
8. Cardiac arrest,cardiac arrest
1. Cardiac tamponade,cardiac tamponade
5. Carpal tunnel syndrome,carpal tunnel syndrome
Cataract,cataract
7. Cataracts,cataracts
1. Cathartic colon ,cathartic colon
4. Catheter-associated urinary tract infection,catheter-associated urinary tract infection
4. Cauda equina syndrome,cauda equina syndrome
Celiac disease ,celiac disease
Celiac disease or pancreatic insufficiency,celiac disease or pancreatic insufficiency
9. Cellulitis,cellulitis
7. Central Sleep Apnea,central sleep apnea
7. Cerebellar ataxia,cerebellar ataxia
Cerebellar/braintem stroke,cerebellar/braintem stroke
1. Cerebral abscess,cerebral abscess
2. Cerebral cysticercosis,cerebral cysticercosis
Cerebral malaria,cerebral malaria
9. Cerebral toxoplasmosis,cerebral toxoplasmosis
"Cervical polyps, cervicitis, endometrial polyps, or malignancy.","cervical polyps, cervicitis, endometrial polyps, or malignancy."
9. Cervical spondylosis (osteoarthritis of the neck),cervical spondylosis osteoarthritis of the neck
Charcot foot (neuropathic osteoarthropathy).,charcot foot neuropathic osteoarthropathy.
5. Charcot-Marie-Tooth disease ,charcot-marie-tooth disease
Chemical burn of the eye,chemical burn of the eye
1. Chemical burns,chemical burns
8. Chemotherapy-induced cardiomyopathy leading to heart failure,chemotherapy-induced cardiomyopathy leading to heart failure
4. Child Abuse ,child abuse
3. Choking emergency,choking emergency
Cholangitis,cholangitis
Cholelithiasis (gallstones),cholelithiasis gallstones
5. Cholestatic liver disease or primary biliary cirrhosis from hepatitis C,cholestatic liver disease or primary biliary cirrhosis from hepatitis c
Cholestatic liver disease (possibly primary biliary cholangitis or primary sclerosing cholangitis),cholestatic liver disease possibly primary biliary cholangitis or primary sclerosing cholangitis
4. Cholesteatoma,cholesteatoma
4. Chromosomal abnormalities,chromosomal abnormalities
Case 1: Chronic bronchitis,chronic bronchitis
7. Chronic bronchitis (with acute exacerbation),chronic bronchitis with acute exacerbation
7. Chronic diverticular disease,chronic diverticular disease
Chronic diverticular disease or symptomatic diverticulosis,chronic diverticular disease or symptomatic diverticulosis
10. Chronic hepatitis B infection,chronic hepatitis b infection
"1. Chronic kidney disease (CKD), possibly due to diabetic nephropathy","chronic kidney disease ckd, possibly due to diabetic nephropathy"
9. Chronic lymphocytic leukemia (CLL),chronic lymphocytic leukemia cll
3. Chronic migraine,chronic migraine
2. Chronic Obstructive Pulmonary Disease (COPD),chronic obstructive pulmonary disease copd
4. Chronic obstructive pulmonary disease (COPD) and cor pulmonale,chronic obstructive pulmonary disease copd and cor pulmonale
Chronic obstructive pulmonary disease (COPD) or lung cancer,chronic obstructive pulmonary disease copd or lung cancer
Case 2: Chronic otitis media with cholesteatoma,chronic otitis media with cholesteatoma
4. Chronic otitis media with effusion,chronic otitis media with effusion
3. Chronic pancreatitis,chronic pancreatitis
7. Chronic Pancreatitis and Exocrine Pancreatic Insufficiency,chronic pancreatitis and exocrine pancreatic insufficiency
Chronic recurrent sinusitis,chronic recurrent sinusitis
5. Chronic respiratory acidosis (COPD),chronic respiratory acidosis copd
Chronic sinusitis,chronic sinusitis
Chronic sinusitis with nasal polyps,chronic sinusitis with nasal polyps
Chronic suppurative otitis media (CSOM) or tympanosclerosis ,chronic suppurative otitis media csom or tympanosclerosis
5. Chronic tophaceous gout,chronic tophaceous gout
9. Chronic traumatic encephalopathy (CTE),chronic traumatic encephalopathy cte
Chronic venous insufficiency ,chronic venous insufficiency
7. Chronic venous insufficiency (CVI),chronic venous insufficiency cvi
4. Ciguatera poisoning,ciguatera poisoning
9. Cirrhosis,cirrhosis
9. Cirrhosis (from hepatitis C infection),cirrhosis from hepatitis c infection
Clavicle fracture,clavicle fracture
2. Cluster Headache,cluster headache
5. Cluster headaches,cluster headaches
1. CNS tuberculosis,cns tuberculosis
9. Coccidioidomycosis (Valley Fever),coccidioidomycosis valley fever
"6. Colon or rectal cancer, inflammatory bowel disease, or an anal fissure","colon or rectal cancer, inflammatory bowel disease, or an anal fissure"
Colorectal cancer (although not confirmed),colorectal cancer although not confirmed
9. Colorectal cancer risk (surveillance needed for Ulcerative Colitis),colorectal cancer risk surveillance needed for ulcerative colitis
3. Colorectal cancer.,colorectal cancer.
10. Colovesical Fistula,colovesical fistula
Colovesical fistula due to diverticulitis,colovesical fistula due to diverticulitis
Common cold ,common cold
2. Community-acquired pneumonia (CAP),community-acquired pneumonia cap
2. Compartment syndrome,compartment syndrome
Complicated diverticulitis ,complicated diverticulitis
"Case 5: Complication of ocular rosacea (possible stye, hordeolum, keratitis, or episcleritis)","complication of ocular rosacea possible stye, hordeolum, keratitis, or episcleritis"
"9. Complications of Crohn's disease (e.g. bowel obstruction, abscess, or perforation)","complications of crohn's disease e.g. bowel obstruction, abscess, or perforation"
4. Complications of GERD (possible esophageal stricture or Barrett's esophagus),complications of gerd possible esophageal stricture or barrett's esophagus
Concussion,concussion
6. Concussion or post-concussion syndrome (no direct mention but context suggests this),concussion or post-concussion syndrome no direct mention but context suggests this
7. Congenital scoliosis due to hemivertebra,congenital scoliosis due to hemivertebra
4. Congestive heart failure,congestive heart failure
7. Congestive heart failure (CHF),congestive heart failure chf
1. Conjunctivitis caused by a sexually transmitted infection (gonorrhea or chlamydia),conjunctivitis caused by a sexually transmitted infection gonorrhea or chlamydia
Constipation in Multiple Sclerosis,constipation in multiple sclerosis
1. Contact dermatitis,contact dermatitis
3. Contusion/strain or fracture of muscles/lower back,contusion/strain or fracture of muscles/lower back
COPD-related cachexia,copd-related cachexia
Case 2: Corneal Abrasion,corneal abrasion
6. Corneal damage or ocular burn,corneal damage or ocular burn
2. Corneal foreign body,corneal foreign body
4. Coronary artery disease ,coronary artery disease
Coronary artery disease (CAD),coronary artery disease cad
10. Creutzfeldt-Jakob disease (CJD),creutzfeldt-jakob disease cjd
10. Crohn's disease,crohn's disease
2. Croup,croup
1. Cryoglobulinemia,cryoglobulinemia
8. Cushing's syndrome,cushing's syndrome
1. Cutaneous candidiasis,cutaneous candidiasis
5. Cystic fibrosis,cystic fibrosis
Cystinuria,cystinuria
4. Cystitis,cystitis
8. Cytomegalovirus (CMV) retinitis,cytomegalovirus cmv retinitis
4. De Quervain's tenosynovitis,de quervain's tenosynovitis
10. Decompensated liver disease or cirrhosis,decompensated liver disease or cirrhosis
5. Deep infiltrating endometriosis,deep infiltrating endometriosis
"10. Deep tissue infection (potential risks: tetanus, Pseudomonas)","deep tissue infection potential risks: tetanus, pseudomonas"
5. Deep vein thrombosis (DVT),deep vein thrombosis dvt
1. Degenerative disc disease or facet joint osteoarthritis,degenerative disc disease or facet joint osteoarthritis
"8. Degenerative disc disease (possibility, exact cause undetermined)","degenerative disc disease possibility, exact cause undetermined"
3. Degenerative knee condition (not explicitly stated but based on the mention of total knee replacement),degenerative knee condition not explicitly stated but based on the mention of total knee replacement
Dehydration with possible hypovolemic shock,dehydration with possible hypovolemic shock
6. Dementia with Lewy bodies,dementia with lewy bodies
4. Denture-related candidiasis,denture-related candidiasis
8. Depression,depression
9. Depression and fibromyalgia,depression and fibromyalgia
Depression (associated with isotretinoin use),depression associated with isotretinoin use
Depression in Parkinson's disease.,depression in parkinson's disease.
4. Depressive episode with suicidal ideation (or possibly Bipolar Disorder given the caution with antidepressants),depressive episode with suicidal ideation or possibly bipolar disorder given the caution with antidepressants
Dermatographia,dermatographia
Case 3: Deviated septum and nasal valve collapse,deviated septum and nasal valve collapse
Case 1: Diabetes,diabetes
Case 7: Diabetes and hypertension contributing to erectile dysfunction,diabetes and hypertension contributing to erectile dysfunction
7. Diabetes insipidus,diabetes insipidus
10. Diabetes mellitus,diabetes mellitus
Diabetes mellitus (type 1),diabetes mellitus type 1
10. Diabetic foot ulcer,diabetic foot ulcer
3. Diabetic ketoacidosis (DKA),diabetic ketoacidosis dka
Diabetic neuropathy,diabetic neuropathy
Diabetic neuropathy.,diabetic neuropathy.
7. Diabetic Peripheral Neuropathy,diabetic peripheral neuropathy
1. Diabetic retinopathy,diabetic retinopathy
Diabetic retinopathy or hypertensive retinopathy ,diabetic retinopathy or hypertensive retinopathy
5. Diaper candidiasis,diaper candidiasis
1. Dilated cardiomyopathy,dilated cardiomyopathy
3. Dislocated finger (PIP joint),dislocated finger pip joint
8. Displaced both-bone forearm fracture,displaced both-bone forearm fracture
10. Displaced nasal fracture,displaced nasal fracture
5. Distal radius fracture (Colles' fracture),distal radius fracture colles' fracture
5. Diverticular bleeding,diverticular bleeding
2. Diverticulitis,diverticulitis
1. Diverticulitis with possible perforation and peritonitis ,diverticulitis with possible perforation and peritonitis
3. Down syndrome ,down syndrome
"Drink spiking with substances such as GHB, Rohypnol, or Ketamine.","drink spiking with substances such as ghb, rohypnol, or ketamine."
3. Drug allergy,drug allergy
Drug-induced gingival overgrowth,drug-induced gingival overgrowth
7. Dry age-related macular degeneration,dry age-related macular degeneration
2. Dry (atrophic) age-related macular degeneration,dry atrophic age-related macular degeneration
8. Dry eye syndrome,dry eye syndrome
1. Duodenal ulcer,duodenal ulcer
9. Dust Mite Allergy,dust mite allergy
4. Dyshidrotic eczema,dyshidrotic eczema
10. Dyslipidemia,dyslipidemia
8. Dyspepsia,dyspepsia
Ectopic pregnancy,ectopic pregnancy
1. Eczema,eczema
6. Eczema herpeticum,eczema herpeticum
2. Electrical burn,electrical burn
Emphysema ,emphysema
8. Endometrial cancer,endometrial cancer
7. Endometrioma (or ovarian cyst formed from endometrial tissue),endometrioma or ovarian cyst formed from endometrial tissue
3. Endometriosis,endometriosis
"4. Endometriosis (Note: The exact cause is not confirmed, but this is a possible condition mentioned)","endometriosis note: the exact cause is not confirmed, but this is a possible condition mentioned"
3. Enteric hyperoxaluria,enteric hyperoxaluria
6. Epidural abscess,epidural abscess
10. Epidural hematoma,epidural hematoma
6. Epiglottitis,epiglottitis
3. Episcleritis/scleritis (requires confirmation),episcleritis/scleritis requires confirmation
9. Erectile dysfunction ,erectile dysfunction
3. Erectile dysfunction (likely drug-induced),erectile dysfunction likely drug-induced
Erectile dysfunction (likely exacerbated or caused by substance use),erectile dysfunction likely exacerbated or caused by substance use
2. Erectile dysfunction (performance anxiety),erectile dysfunction performance anxiety
"10. Erectile dysfunction (vascular insufficiency, atherosclerosis)","erectile dysfunction vascular insufficiency, atherosclerosis"
3. Erythema infectiosum (Fifth disease) ,erythema infectiosum fifth disease
"10. Erythema nodosum (Note: The underlying condition is likely Crohn's disease, but the given condition is erythema nodosum)","erythema nodosum note: the underlying condition is likely crohn's disease, but the given condition is erythema nodosum"
Erythematotelangiectatic rosacea,erythematotelangiectatic rosacea
4. Erythrodermic psoriasis,erythrodermic psoriasis
2. Esophageal cancer,esophageal cancer
8. Esophageal cancer (suspected),esophageal cancer suspected
8. Esophageal candidiasis,esophageal candidiasis
5. Esophageal irritation (due to oral bisphosphonates),esophageal irritation due to oral bisphosphonates
Esophageal malignancy ,esophageal malignancy
Case 3: Exacerbation of chronic obstructive pulmonary disease (COPD),exacerbation of chronic obstructive pulmonary disease copd
9. Extensor tendonitis,extensor tendonitis
10. External hemorrhoids,external hemorrhoids
External thrombosed hemorrhoid,external thrombosed hemorrhoid
8. Eye injury,eye injury
6. Facial laceration,facial laceration
"2. Facial nerve palsy (Bell's palsy), possibly caused by Lyme disease","facial nerve palsy bell's palsy, possibly caused by lyme disease"
8. Familial hypercholesterolemia,familial hypercholesterolemia
10. Fibromyalgia,fibromyalgia
10. Fifth metatarsal fracture (Jones fracture),fifth metatarsal fracture jones fracture
7. First-degree burn,first-degree burn
8. Fish-handler's disease ,fish-handler's disease
5. Foodborne illness,foodborne illness
2. Fracture,fracture
8. Fracture of the toe,fracture of the toe
Possible fracture (specifically supracondylar fracture of the humerus),fracture specifically supracondylar fracture of the humerus
9. Friedreich's ataxia,friedreich's ataxia
9. Frontotemporal dementia (possible),frontotemporal dementia possible
10. Fungal pneumonia,fungal pneumonia
2. Gallbladder cancer,gallbladder cancer
Gallbladder Empyema,gallbladder empyema
4. Gallstone Ileus or Gallstone Embolism (Pulmonary Embolism),gallstone ileus or gallstone embolism pulmonary embolism
4. Gallstone-related sepsis (acute cholecystitis or cholangitis),gallstone-related sepsis acute cholecystitis or cholangitis
2. Gastric malignancy,gastric malignancy
6. Gastroesophageal reflux disease (GERD),gastroesophageal reflux disease gerd
Case 4: Gastroesophageal reflux disease (GERD) and possible gastric ulcer,gastroesophageal reflux disease gerd and possible gastric ulcer
3. Gastroesophageal reflux disease (GERD) and/or non-alcoholic fatty liver disease (NAFLD),gastroesophageal reflux disease gerd and/or non-alcoholic fatty liver disease nafld
"5. Gastrointestinal disorder (possibly IBS, IBD, diverticulitis or colorectal cancer)","gastrointestinal disorder possibly ibs, ibd, diverticulitis or colorectal cancer"
3. Gastrointestinal tuberculosis,gastrointestinal tuberculosis
5. Generalized Anxiety Disorder (GAD),generalized anxiety disorder gad
Genital herpes,genital herpes
Genital psoriasis,genital psoriasis
7. Genital warts due to HPV infection,genital warts due to hpv infection
5. GERD,gerd
6. Giant cell arteritis (GCA),giant cell arteritis gca
8. Giant cell arteritis (temporal arteritis),giant cell arteritis temporal arteritis
5. Gingivitis (periodontal disease),gingivitis periodontal disease
4. Glucose-6-phosphate dehydrogenase (G6PD) deficiency,glucose-6-phosphate dehydrogenase g6pd deficiency
1. Gonococcal conjunctivitis,gonococcal conjunctivitis
4. Gonorrhea,gonorrhea
Gout,gout
6. Gout attack,gout attack
8. Gout attack or inflammatory arthritis,gout attack or inflammatory arthritis
10. Gout flare,gout flare
Case 8: Gouty nephropathy,gouty nephropathy
Gouty tophus ,gouty tophus
Case 5: Graves' disease,graves' disease
4. Guillain-Barré syndrome,guillain-barré syndrome
9. Guillain-Barré syndrome (GBS) and Zika virus infection.,guillain-barré syndrome gbs and zika virus infection.
3. Gunshot wound and related complications,gunshot wound and related complications
6. Guttate psoriasis,guttate psoriasis
7. Hay fever,hay fever
1. Heart attack,heart attack
2. Heart disease,heart disease
1. Heart failure,heart failure
4. Heart failure (HFpEF),heart failure hfpef
7. Heart failure with Paroxysmal Nocturnal Dyspnea (PND),heart failure with paroxysmal nocturnal dyspnea pnd
6. Hemorrhagic stroke,hemorrhagic stroke
1. Hemorrhoidal disease,hemorrhoidal disease
6. Hemorrhoidal disease / portal hypertensive hemorrhoids (with underlying liver cirrhosis),hemorrhoidal disease / portal hypertensive hemorrhoids with underlying liver cirrhosis
6. Hemorrhoids,hemorrhoids
Case 9: Henoch-Schönlein purpura (HSP),henoch-schönlein purpura hsp
Hepatic encephalopathy,hepatic encephalopathy
1. Hepatitis B,hepatitis b
6. Hepatitis B flare or superimposed liver disease,hepatitis b flare or superimposed liver disease
6. Hepatitis C ,hepatitis c
9. Hepatocellular carcinoma (HCC),hepatocellular carcinoma hcc
2. Hereditary spherocytosis,hereditary spherocytosis
Herniated disc,herniated disc
Case 9: Herniated lumbar disc,herniated lumbar disc
5. Herniated lumbar disc with nerve root impingement (sciatica),herniated lumbar disc with nerve root impingement sciatica
1. Herpes simplex,herpes simplex
9. Herpes simplex encephalitis,herpes simplex encephalitis
1. Herpes simplex keratitis,herpes simplex keratitis
Herpetic whitlow (HSV-1 infection),herpetic whitlow hsv-1 infection
5. Hip dislocation,hip dislocation
3. Hip fracture,hip fracture
10. Hip fracture and osteoporosis,hip fracture and osteoporosis
Hip osteoarthritis,hip osteoarthritis
Case 2: Hirschsprung disease,hirschsprung disease
3. HIV,hiv
10. HIV-associated periodontal diseases,hiv-associated periodontal diseases
5. Hospital-acquired (nosocomial) pneumonia,hospital-acquired nosocomial pneumonia
7. Human papillomavirus (HPV),human papillomavirus hpv
2. Hyper-reactive malarial splenomegaly (HMS),hyper-reactive malarial splenomegaly hms
Hyperhomocysteinemia or Behçet's disease ,hyperhomocysteinemia or behçet's disease
9. Hyperparathyroidism ,hyperparathyroidism
4. Hypertension,hypertension
Hypertensive brainstem or posterior cerebral circulation stroke ,hypertensive brainstem or posterior cerebral circulation stroke
9. Hypertensive emergency,hypertensive emergency
9. Hypertensive hemorrhage (a type of stroke),hypertensive hemorrhage a type of stroke
Hypertensive nephropathy,hypertensive nephropathy
Hypertensive retinopathy with possible malignant hypertension,hypertensive retinopathy with possible malignant hypertension
8. Hyperthyroidism ,hyperthyroidism
Hyperthyroidism (Graves' disease),hyperthyroidism graves' disease
Hyperthyroidism likely due to Graves' disease,hyperthyroidism likely due to graves' disease
Hyperthyroidism (most common cause is Graves' disease),hyperthyroidism most common cause is graves' disease
8. Hyperthyroidism (most likely cause: Graves' disease),hyperthyroidism most likely cause: graves' disease
6. Hyperthyroidism (specifically Graves' disease),hyperthyroidism specifically graves' disease
"10. Hyperthyroidism, possibly due to a toxic multinodular goiter.","hyperthyroidism, possibly due to a toxic multinodular goiter."
"2. Hyperthyroidism, possibly due to Graves' disease","hyperthyroidism, possibly due to graves' disease"
Hypertrophic pyloric stenosis,hypertrophic pyloric stenosis
3. Hypoglycemia,hypoglycemia
6. Hypogonadism,hypogonadism
5. Hyponatremia,hyponatremia
10. Hypophosphatemic Osteomalacia,hypophosphatemic osteomalacia
1. Hypotension,hypotension
4. Hypothyroidism,hypothyroidism
4. Hypothyroidism (Hashimoto's thyroiditis),hypothyroidism hashimoto's thyroiditis
Hypothyroidism potentially Hashimoto's thyroiditis,hypothyroidism potentially hashimoto's thyroiditis
Idiopathic hirsutism or Late-onset congenital adrenal hyperplasia,idiopathic hirsutism or late-onset congenital adrenal hyperplasia
6. Idiopathic intracranial hypertension (IIH) ,idiopathic intracranial hypertension iih
Idiopathic pulmonary fibrosis,idiopathic pulmonary fibrosis
1. Idiopathic Pulmonary Fibrosis (IPF),idiopathic pulmonary fibrosis ipf
4. Idiopathic scoliosis,idiopathic scoliosis
6. Iliotibial Band Syndrome (ITBS),iliotibial band syndrome itbs
8. Illness Anxiety Disorder,illness anxiety disorder
2. Immune thrombocytopenic purpura (ITP) or thrombotic thrombocytopenic purpura (TTP),immune thrombocytopenic purpura itp or thrombotic thrombocytopenic purpura ttp
Inadequately treated hypothyroidism,inadequately treated hypothyroidism
Incarcerated hernia with suspected bowel obstruction,incarcerated hernia with suspected bowel obstruction
Infection ,infection
Infection from dog bite wound,infection from dog bite wound
7. Infection of burn wound,infection of burn wound
4. Infection or rheumatoid arthritis flare,infection or rheumatoid arthritis flare
Infection with Mycobacterium avium complex (MAC),infection with mycobacterium avium complex mac
"7. Infection, autoimmune disease, or malignancy (multiple possibilities)","infection, autoimmune disease, or malignancy multiple possibilities"
2. Infectious mononucleosis,infectious mononucleosis
4. Infectious/septic arthritis or malignancy,infectious/septic arthritis or malignancy
9. Inferior shoulder dislocation,inferior shoulder dislocation
Case 1: Inflammatory bowel disease (IBD),inflammatory bowel disease ibd
3. Inflammatory bowel disease or possible colorectal cancer,inflammatory bowel disease or possible colorectal cancer
5. Inflammatory bowel disease (Ulcerative Colitis),inflammatory bowel disease ulcerative colitis
6. Influenza,influenza
7. Influenza infection with COPD exacerbation,influenza infection with copd exacerbation
"4. Influenza, possible secondary bacterial pneumonia","influenza, possible secondary bacterial pneumonia"
Ingestion of a caustic substance ,ingestion of a caustic substance
"10. Inhalational injury, chemical burns, and systemic toxicity","inhalational injury, chemical burns, and systemic toxicity"
Case 10: Insect or arthropod bites,insect or arthropod bites
5. Insomnia,insomnia
7. Insufficiency fracture,insufficiency fracture
6. (Insufficient information - Multiple possibilities),insufficient information - multiple possibilities
3. (Insufficient information for a clear diagnosis),insufficient information for a clear diagnosis
"5. (Interaction between PDE5 inhibitors and nitrates, but underlying condition not explicitly mentioned) ","interaction between pde5 inhibitors and nitrates, but underlying condition not explicitly mentioned"
1. Internal bleeding,internal bleeding
Internal hemorrhoids,internal hemorrhoids
Internal injuries (unspecified),internal injuries unspecified
Interstitial cystitis (painful bladder syndrome),interstitial cystitis painful bladder syndrome
6. Interstitial lung disease (ILD).,interstitial lung disease ild.
"8. Interstitial lung disease, COPD, or heart failure","interstitial lung disease, copd, or heart failure"
1. Intertrigo,intertrigo
Intrahepatic cholestasis of pregnancy,intrahepatic cholestasis of pregnancy
Invasive fungal sinusitis,invasive fungal sinusitis
Case 1: Inverse Psoriasis,inverse psoriasis
5. Iritis or uveitis,iritis or uveitis
2. Iron deficiency anemia,iron deficiency anemia
Case 9: Iron deficiency anemia due to celiac disease,iron deficiency anemia due to celiac disease
4. Iron-deficiency anemia ,iron-deficiency anemia
9. Irritable bowel syndrome,irritable bowel syndrome
5. Irritable bowel syndrome (IBS),irritable bowel syndrome ibs
Irritable Bowel Syndrome with Constipation (IBS-C),irritable bowel syndrome with constipation ibs-c
9. Irritable Bowel Syndrome with Diarrhea (IBS-D),irritable bowel syndrome with diarrhea ibs-d
Irritable Bowel Syndrome with Mixed Bowel Habits (IBS-M),irritable bowel syndrome with mixed bowel habits ibs-m
2. Ischemic stroke ,ischemic stroke
9. Ischemic stroke / acute cerebrovascular event,ischemic stroke / acute cerebrovascular event
7. Jellyfish sting,jellyfish sting
8. Kidney disease (associated with high cholesterol),kidney disease associated with high cholesterol
4. Kidney stone,kidney stone
Kidney stone (ureteral stone),kidney stone ureteral stone
Kidney stones,kidney stones
6. Knee dislocation,knee dislocation
6. Laceration,laceration
1. Laceration and possible vascular injury,laceration and possible vascular injury
2. Laceration (clean cut),laceration clean cut
10. Lactose intolerance,lactose intolerance
Laryngitis,laryngitis
10. Lateral ankle sprain,lateral ankle sprain
9. Lateral collateral ligament (LCL) injury,lateral collateral ligament lcl injury
7. Lateral epicondylitis (Tennis elbow),lateral epicondylitis tennis elbow
Lateral medullary syndrome or Wallenberg's syndrome,lateral medullary syndrome or wallenberg's syndrome
9. Leukocytoclastic vasculitis,leukocytoclastic vasculitis
6. Lichen simplex chronicus (eczema),lichen simplex chronicus eczema
5. Listeriosis,listeriosis
Lithium toxicity,lithium toxicity
8. Lithium toxicity.,lithium toxicity.
5. Liver metastases,liver metastases
10. Lobar pneumonia,lobar pneumonia
9. Localized periodontal disease,localized periodontal disease
6. Lumbar osteoarthritis or degenerative disc disease,lumbar osteoarthritis or degenerative disc disease
1. Lumbar spinal stenosis,lumbar spinal stenosis
1. Lung cancer ,lung cancer
3. Possible Lung Cancer or COPD,lung cancer or copd
2. Lung cancer with brain metastasis,lung cancer with brain metastasis
2. Lung or laryngeal cancer,lung or laryngeal cancer
3. Lyme Arthritis,lyme arthritis
6. Lyme carditis,lyme carditis
9. Lyme disease,lyme disease
7. Lyme encephalopathy,lyme encephalopathy
5. Lyme meningitis ,lyme meningitis
9. Lyme radiculopathy,lyme radiculopathy
Case 8: Lymph node tuberculosis (scrofula or tuberculous lymphadenitis),lymph node tuberculosis scrofula or tuberculous lymphadenitis
"4. Lymphoma, sarcoidosis, or infection","lymphoma, sarcoidosis, or infection"
Macrocytic anemia,macrocytic anemia
4. Major depressive disorder,major depressive disorder
Case 8: Major depressive disorder (MDD),major depressive disorder mdd
Major depressive disorder with psychotic features ,major depressive disorder with psychotic features
1. Malabsorption syndromes/Celiac disease/Pancreatic insufficiency,malabsorption syndromes/celiac disease/pancreatic insufficiency
Malaria,malaria
Case 7: Malaria (chloroquine-resistant strain),malaria chloroquine-resistant strain
3. Malaria infection,malaria infection
10. Malaria with anemia,malaria with anemia
"5. Malignancy or infection (considered, but specific cause needs further investigation) ","malignancy or infection considered, but specific cause needs further investigation"
7. Malignancy (suspicious for breast cancer) ,malignancy suspicious for breast cancer
"Malignancy, infection or autoimmune disorder (non-specific)","malignancy, infection or autoimmune disorder non-specific"
Malignancy-related hypercalcemia,malignancy-related hypercalcemia
Malignant melanoma,malignant melanoma
7. Malignant otitis externa,malignant otitis externa
Manic episode,manic episode
5. Marfan syndrome,marfan syndrome
Massive pulmonary embolism ,massive pulmonary embolism
5. Mastoiditis,mastoiditis
Mature cataract ,mature cataract
5. Mechanical low back pain,mechanical low back pain
Medial compartment osteoarthritis ,medial compartment osteoarthritis
"Case 4: Medial tibial stress syndrome (""shin splints"")",medial tibial stress syndrome shin splints
8. Medication side effects,medication side effects
4. Suspected Melanoma,melanoma
6. Melanoma risk due to dysplastic nevi and sun exposure,melanoma risk due to dysplastic nevi and sun exposure
"1. Membranous nephropathy secondary to chronic Hepatitis B, with nephrotic syndrome","membranous nephropathy secondary to chronic hepatitis b, with nephrotic syndrome"
7. Meniere's disease or eustachian tube dysfunction,meniere's disease or eustachian tube dysfunction
4. Meningitis,meningitis
9. Meniscal tear,meniscal tear
8. Menopausal transition ,menopausal transition
7. Menopause,menopause
6. Menstrual migraines,menstrual migraines
6. Metastasis to the spine (from prostate cancer),metastasis to the spine from prostate cancer
3. Metastatic breast cancer,metastatic breast cancer
3. Metastatic disease to the spine,metastatic disease to the spine
Case 3: Metatarsal fracture ,metatarsal fracture
3. Microcephaly,microcephaly
8. Microcytic anemia (likely due to iron deficiency),microcytic anemia likely due to iron deficiency
9. Migraine,migraine
Migraine with aura,migraine with aura
Migraines,migraines
4. Mirizzi's syndrome,mirizzi's syndrome
Mitral stenosis ,mitral stenosis
9. Multiple endocrine neoplasia type 1 (MEN1),multiple endocrine neoplasia type 1 men1
1. Multiple myeloma,multiple myeloma
"4. (Multiple possibilities, but none confirmed yet) ","multiple possibilities, but none confirmed yet"
"8. (Multiple possible conditions, but most mentioned was) Irritable bowel syndrome (IBS)","multiple possible conditions, but most mentioned was irritable bowel syndrome ibs"
Multiple potential pathologies (differential diagnosis),multiple potential pathologies differential diagnosis
5. Multiple rib fractures with potential bilateral lung injuries,multiple rib fractures with potential bilateral lung injuries
6. Multiple Sclerosis,multiple sclerosis
7. Multiple Sclerosis affecting bladder function,multiple sclerosis affecting bladder function
6. Multiple Sclerosis (indicated by paresthesia symptom) ,multiple sclerosis indicated by paresthesia symptom
Multiple sclerosis (MS) ,multiple sclerosis ms
8. Musculoskeletal pain / Parkinson's disease,musculoskeletal pain / parkinson's disease
Mushroom Poisoning,mushroom poisoning
"7. Myasthenia gravis, Guillain-Barré syndrome, or myopathy","myasthenia gravis, guillain-barré syndrome, or myopathy"
9. Myocardial infarction,myocardial infarction
4. Myocardial infarction (heart attack),myocardial infarction heart attack
Ménière's disease,ménière's disease
3. N/A ,n/a
4. N/A (general information),n/a general information
8. N/A (off-topic),n/a off-topic
6. Nasal fracture,nasal fracture
2. Nasal Fracture or Simple Nosebleed (Epistaxis),nasal fracture or simple nosebleed epistaxis
1. Nasal fracture with septal deviation or nasal valve collapse,nasal fracture with septal deviation or nasal valve collapse
10. Nasal polyps (with allergic rhinitis),nasal polyps with allergic rhinitis
Near-drowning and secondary drowning,near-drowning and secondary drowning
5. Necrotizing fasciitis,necrotizing fasciitis
Neonatal conjunctivitis (ophthalmia neonatorum) likely due to Chlamydia trachomatis,neonatal conjunctivitis ophthalmia neonatorum likely due to chlamydia trachomatis
7. Neonatal herpes,neonatal herpes
1. Neuromuscular scoliosis,neuromuscular scoliosis
Neuromyelitis Optica Spectrum Disorder (NMOSD) ,neuromyelitis optica spectrum disorder nmosd
8. Nipple eczema or Paget's disease (pending diagnosis),nipple eczema or paget's disease pending diagnosis
"3. (No clear medical condition mentioned, refers to general mental health concerns)","no clear medical condition mentioned, refers to general mental health concerns"
"9. (No clear pathology, treatment for side effects of breast cancer)","no clear pathology, treatment for side effects of breast cancer"
"7. (No distinct pathology mentioned, same as case 3, Bipolar Disorder)","no distinct pathology mentioned, same as case 3, bipolar disorder"
6. (No identifiable medical pathology or condition; potential psychological evaluation),no identifiable medical pathology or condition; potential psychological evaluation
6. No Main Pathology (case is unrelated to medical or psychological AI model),no main pathology case is unrelated to medical or psychological ai model
9. (No main pathology listed),no main pathology listed
4. No main pathology provided,no main pathology provided
"No main pathology, only risk of infection mentioned","no main pathology, only risk of infection mentioned"
"1. No main pathology, wound/infection risk from sea urchin puncture","no main pathology, wound/infection risk from sea urchin puncture"
"8. (No medical case description provided, so no pathology mentioned)","no medical case description provided, so no pathology mentioned"
5. (No medical case information provided for this case),no medical case information provided for this case
5. (No medical condition mentioned),no medical condition mentioned
No medical condition mentioned (question unrelated to medicine),no medical condition mentioned question unrelated to medicine
7. No medical condition (off-topic question),no medical condition off-topic question
2. No medical or psychological condition mentioned,no medical or psychological condition mentioned
7. No medical pathology mentioned,no medical pathology mentioned
2. (No pathology mentioned),no pathology mentioned
2. (No specific medical condition mentioned),no specific medical condition mentioned
8. (No specific pathology is mentioned; possible underlying psychological or neurological issue),no specific pathology is mentioned; possible underlying psychological or neurological issue
6. No specific pathology mentioned (possible psychological or perceptual issue),no specific pathology mentioned possible psychological or perceptual issue
"No specific pathology mentioned, possible risk of infection","no specific pathology mentioned, possible risk of infection"
1. Nocturia,nocturia
10. Nodular Basal Cell Carcinoma,nodular basal cell carcinoma
8. Non-alcoholic fatty liver disease (NAFLD),non-alcoholic fatty liver disease nafld
Non-ST segment elevation Myocardial Infarction (NSTEMI),non-st segment elevation myocardial infarction nstemi
10. None,none
9. None (case has no medical or psychological relevance),none case has no medical or psychological relevance
"5. (None explicitly stated, wound care and prevention of infection implied)","none explicitly stated, wound care and prevention of infection implied"
6. None (prevention guidance for Zika virus transmission),none prevention guidance for zika virus transmission
None/ normal minor abrasions with prolonged bleeding due to blood thinners,none/ normal minor abrasions with prolonged bleeding due to blood thinners
Normal pressure hydrocephalus (NPH),normal pressure hydrocephalus nph
10. Normocytic anemia,normocytic anemia
8. (Not applicable),not applicable
Not related to a medical topic,not related to a medical topic
6. (Not specified due to insufficient evidence),not specified due to insufficient evidence
9. NSAID-induced peptic ulcer,nsaid-induced peptic ulcer
3. Nummular eczema,nummular eczema
6. Nursing home-acquired pneumonia,nursing home-acquired pneumonia
7. Obesity-related cardiomyopathy or heart failure,obesity-related cardiomyopathy or heart failure
Obsessive-Compulsive Disorder (OCD) ,obsessive-compulsive disorder ocd
Obstructive sleep apnea,obstructive sleep apnea
9. Obstructive Sleep Apnea (OSA) ,obstructive sleep apnea osa
9. Ocular rosacea,ocular rosacea
10. Onychomycosis,onychomycosis
"2. Opportunistic infections (Cryptosporidium, Microsporidia, Giardia, Cytomegalovirus)","opportunistic infections cryptosporidium, microsporidia, giardia, cytomegalovirus"
Optic neuritis,optic neuritis
3. Oral herpes (Herpes Simplex Virus type 1),oral herpes herpes simplex virus type 1
8. Oral thrush (oropharyngeal candidiasis),oral thrush oropharyngeal candidiasis
7. Orbital cellulitis,orbital cellulitis
7. Orthostatic hypotension,orthostatic hypotension
8. Osteoarthritis,osteoarthritis
Case 1: Osteoarthritis (OA),osteoarthritis oa
Osteoarthritis (OA) of the knee,osteoarthritis oa of the knee
Osteoarthritis of the first metatarsophalangeal joint ,osteoarthritis of the first metatarsophalangeal joint
Osteoarthritis of the Shoulder,osteoarthritis of the shoulder
10. Osteogenesis imperfecta,osteogenesis imperfecta
Osteomyelitis ,osteomyelitis
Osteonecrosis of the jaw ,osteonecrosis of the jaw
7. Osteoporosis,osteoporosis
5. Osteoporosis/Vertebral Compression Fracture,osteoporosis/vertebral compression fracture
Otitis Externa,otitis externa
1. Otitis externa (furunculosis),otitis externa furunculosis
3. Otitis media and sinusitis,otitis media and sinusitis
Otitis media with effusion (OME),otitis media with effusion ome
5. Ototoxicity,ototoxicity
1. Ovarian torsion,ovarian torsion
1. Over-anticoagulation from warfarin,over-anticoagulation from warfarin
6. Overdose,overdose
Case 6: Pancreatic cancer,pancreatic cancer
10. Pancreatitis,pancreatitis
4. Pancreatitis (possibly alcohol-induced),pancreatitis possibly alcohol-induced
6. Panic Disorder,panic disorder
7. Papulopustular rosacea,papulopustular rosacea
3. Parasitic infection,parasitic infection
5. Parkinson's disease,parkinson's disease
Parkinson's disease and Restless Legs Syndrome (RLS),parkinson's disease and restless legs syndrome rls
9. Parkinson's disease dementia,parkinson's disease dementia
Case 6: Parkinson's disease dementia or dementia with Lewy bodies,parkinson's disease dementia or dementia with lewy bodies
3. Parkinsonism (extrapyramidal symptoms),parkinsonism extrapyramidal symptoms
2. Paroxysmal supraventricular tachycardia (PSVT) or other arrhythmias,paroxysmal supraventricular tachycardia psvt or other arrhythmias
2. Pasteurella multocida infection,pasteurella multocida infection
5. Patellar tendinitis,patellar tendinitis
Patellar tendon rupture,patellar tendon rupture
3. Patellar tendonitis,patellar tendonitis
8. Pathological fracture (due to metastatic cancer),pathological fracture due to metastatic cancer
1. PCOS ,pcos
1. PCOS (Polycystic Ovary Syndrome),pcos polycystic ovary syndrome
6. Pelvic fracture,pelvic fracture
Pelvic inflammatory disease (PID),pelvic inflammatory disease pid
2. Penetrating eye injury (emergency),penetrating eye injury emergency
7. Penile Fracture ,penile fracture
7. Peptic ulcer (potentially complicated by Helicobacter pylori infection or Zollinger-Ellison syndrome),peptic ulcer potentially complicated by helicobacter pylori infection or zollinger-ellison syndrome
1. Peptic ulcer with gastrointestinal bleeding,peptic ulcer with gastrointestinal bleeding
3. Perforated peptic ulcer,perforated peptic ulcer
Perforation of a hollow viscus,perforation of a hollow viscus
1. Perforation of the tympanic membrane,perforation of the tympanic membrane
4. Pericarditis ,pericarditis
6. Pericarditis or cardiac ischemia (rule out),pericarditis or cardiac ischemia rule out
4. Perimenopause,perimenopause
1. Periodontitis,periodontitis
Perioral dermatitis,perioral dermatitis
8. Peripheral arterial disease / Spinal stenosis,peripheral arterial disease / spinal stenosis
5. Peripheral arterial disease (PAD),peripheral arterial disease pad
1. Peripheral artery disease (PAD),peripheral artery disease pad
10. Peripheral nerve injury,peripheral nerve injury
4. Peripheral neuropathy / hepatitis C,peripheral neuropathy / hepatitis c
10. Peritonsillar abscess,peritonsillar abscess
4. Peritonsillar abscess (PTA),peritonsillar abscess pta
8. Pernicious anemia (vitamin B12 deficiency),pernicious anemia vitamin b12 deficiency
Persistent depressive disorder (PDD) ,persistent depressive disorder pdd
6. Persistent postural-perceptual dizziness (PPPD),persistent postural-perceptual dizziness pppd
7. Peyronie's disease,peyronie's disease
4. Pheochromocytoma,pheochromocytoma
4. Phymatous Rosacea,phymatous rosacea
5. Physical abuse,physical abuse
Piriformis syndrome/sciatica ,piriformis syndrome/sciatica
2. Placenta previa,placenta previa
4. Plaque psoriasis ,plaque psoriasis
Case 7: Plummer-Vinson syndrome,plummer-vinson syndrome
6. Pneumocystis jirovecii pneumonia (PJP),pneumocystis jirovecii pneumonia pjp
4. Pneumonia,pneumonia
4. Pneumonia exacerbating COPD,pneumonia exacerbating copd
8. Pneumonia (varicella pneumonia),pneumonia varicella pneumonia
Pneumonia/Bronchitis,pneumonia/bronchitis
9. Pneumothorax or hemothorax,pneumothorax or hemothorax
Polycystic Ovary Syndrome (PCOS),polycystic ovary syndrome pcos
Polycystic ovary syndrome (PCOS) with potential Vitamin D deficiency,polycystic ovary syndrome pcos with potential vitamin d deficiency
10. Polymyalgia rheumatica,polymyalgia rheumatica
10. Poor glycemic control (Diabetes),poor glycemic control diabetes
Poorly controlled diabetes,poorly controlled diabetes
Post-concussion syndrome,post-concussion syndrome
Post-streptococcal reactive arthritis (PSRA),post-streptococcal reactive arthritis psra
3. Post-traumatic stress disorder (PTSD),post-traumatic stress disorder ptsd
8. Post-treatment Lyme disease syndrome (PTLDS),post-treatment lyme disease syndrome ptlds
"10. Posterior capsule opacification (PCO, secondary cataract)","posterior capsule opacification pco, secondary cataract"
2. Posterior circulation stroke ,posterior circulation stroke
5. Posterior elbow dislocation,posterior elbow dislocation
Posterior tibial tendonitis,posterior tibial tendonitis
Postoperative endophthalmitis,postoperative endophthalmitis
8. Preeclampsia,preeclampsia
6. Pregnancy gingivitis,pregnancy gingivitis
1. Premenstrual dysphoric disorder (PMDD) ,premenstrual dysphoric disorder pmdd
Priapism,priapism
9. Primary biliary cholangitis (PBC),primary biliary cholangitis pbc
"9. Primary brain tumor, metastatic disease, abscess, or vascular malformation","primary brain tumor, metastatic disease, abscess, or vascular malformation"
Primary central nervous system lymphoma (PCNSL) or brain abscess.,primary central nervous system lymphoma pcnsl or brain abscess.
4. Primary hyperparathyroidism,primary hyperparathyroidism
"Primary hyperparathyroidism, malignancy, or sarcoidosis (hypercalcemia mentioned)","primary hyperparathyroidism, malignancy, or sarcoidosis hypercalcemia mentioned"
10. Primary lung carcinoma,primary lung carcinoma
Primary progressive aphasia,primary progressive aphasia
3. Primary stabbing headache,primary stabbing headache
6. Primary syphilis,primary syphilis
10. Prinzmetal's (variant) angina,prinzmetal's variant angina
5. Prolactinoma,prolactinoma
7. Prolapsing internal hemorrhoids,prolapsing internal hemorrhoids
6. Prostate enlargement or prostate cancer,prostate enlargement or prostate cancer
3. Prostatitis,prostatitis
10. Psoriasis,psoriasis
2. Psoriatic arthritis,psoriatic arthritis
Psoriatic nail disease,psoriatic nail disease
8. Psychological Issue (Delusions),psychological issue delusions
8. Psychological stress (contributing to erectile dysfunction),psychological stress contributing to erectile dysfunction
9. Psychotic disorder (possibly schizophrenia),psychotic disorder possibly schizophrenia
Pulmonary embolism,pulmonary embolism
7. Pulmonary embolism / Chronic thromboembolic pulmonary hypertension,pulmonary embolism / chronic thromboembolic pulmonary hypertension
3. Pulmonary embolism (PE),pulmonary embolism pe
6. Pulmonary tuberculosis,pulmonary tuberculosis
7. Puncture wounds / risk of infection,puncture wounds / risk of infection
3. Pyelonephritis,pyelonephritis
3. Pyelonephritis or prostatitis,pyelonephritis or prostatitis
1. Pyoderma gangrenosum,pyoderma gangrenosum
1. Rabies,rabies
10. Ramsay Hunt syndrome,ramsay hunt syndrome
Reactive Arthritis,reactive arthritis
"9. Rectal Bleeding (possible causes: Hemorrhoids, Anal Fissures, Colonic Polyps, or Colorectal Cancer) ","rectal bleeding possible causes: hemorrhoids, anal fissures, colonic polyps, or colorectal cancer"
5. Rectovaginal or bowel endometriosis,rectovaginal or bowel endometriosis
2. Recurrence of lymphoma ,recurrence of lymphoma
4. Recurrent diverticulitis,recurrent diverticulitis
"5. Recurrent oral herpes, possibly due to HSV-1 or HSV-2","recurrent oral herpes, possibly due to hsv-1 or hsv-2"
Recurrent post-coital cystitis.,recurrent post-coital cystitis.
Recurrent tonsillitis,recurrent tonsillitis
10. Recurrent Urinary Tract Infection (UTI),recurrent urinary tract infection uti
7. REM sleep behavior disorder associated with Parkinson's disease,rem sleep behavior disorder associated with parkinson's disease
Case 5: Renal or genitourinary tuberculosis,renal or genitourinary tuberculosis
Renal pathology (possible kidney stones or renal cell carcinoma),renal pathology possible kidney stones or renal cell carcinoma
"7. Renal vascular event, such as renal artery stenosis or infarction","renal vascular event, such as renal artery stenosis or infarction"
Reptile bite with risk of bacterial infection,reptile bite with risk of bacterial infection
5. Restless Legs Syndrome,restless legs syndrome
8. Restless Legs Syndrome (RLS),restless legs syndrome rls
9. Retinal artery occlusion,retinal artery occlusion
2. Retinal detachment,retinal detachment
1. Rett syndrome/MECP2 duplication syndrome,rett syndrome/mecp2 duplication syndrome
Rheumatic fever,rheumatic fever
3. Rheumatoid arthritis,rheumatoid arthritis
7. Rheumatoid arthritis (RA),rheumatoid arthritis ra
Case 5: Rhinophyma (a manifestation of phymatous rosacea),rhinophyma a manifestation of phymatous rosacea
Rib Fractures,rib fractures
1. Right-sided heart failure (also known as cor pulmonale),right-sided heart failure also known as cor pulmonale
6. Risks associated with phenytoin use during pregnancy (increased risk of neural tube defects),risks associated with phenytoin use during pregnancy increased risk of neural tube defects
1. Rosacea ,rosacea
3. Rotator Cuff Tear,rotator cuff tear
Rotator cuff tear.,rotator cuff tear.
Rotator cuff tendonitis,rotator cuff tendonitis
5. Ruptured abdominal aortic aneurysm,ruptured abdominal aortic aneurysm
1. Ruptured ectopic pregnancy,ruptured ectopic pregnancy
3. Ruptured hepatocellular carcinoma,ruptured hepatocellular carcinoma
7. Ruptured ovarian cyst,ruptured ovarian cyst
6. Salmonellosis,salmonellosis
9. Salter-Harris fracture (growth plate fracture),salter-harris fracture growth plate fracture
1. Scalp psoriasis,scalp psoriasis
2. Scaphoid fracture,scaphoid fracture
9. Scaphoid fracture or sprain,scaphoid fracture or sprain
3. Scarlet Fever,scarlet fever
8. Schizophrenia,schizophrenia
3. Sciatica,sciatica
4. Sciatica (likely due to a herniated lumbar disc),sciatica likely due to a herniated lumbar disc
"1. Sciatica, possibly peripheral neuropathy from diabetes","sciatica, possibly peripheral neuropathy from diabetes"
Scoliosis,scoliosis
Scoliosis (Curve of the spine),scoliosis curve of the spine
Scorpion sting,scorpion sting
Case 10: Seasonal Affective Disorder,seasonal affective disorder
10. Seasonal Affective Disorder (SAD),seasonal affective disorder sad
8. Seasonal allergic rhinitis,seasonal allergic rhinitis
Case 8: Seasonal allergic rhinitis (hay fever),seasonal allergic rhinitis hay fever
3. Seborrheic dermatitis,seborrheic dermatitis
7. Second-degree burn ,second-degree burn
7. Second-degree burn (partial thickness burn),second-degree burn partial thickness burn
5. Second-degree sunburn,second-degree sunburn
7. Secondary bacterial athlete's foot,secondary bacterial athlete's foot
7. Secondary Bacterial Pneumonia,secondary bacterial pneumonia
Secondary bacterial skin infection,secondary bacterial skin infection
5. Secondary lactose intolerance due to celiac disease,secondary lactose intolerance due to celiac disease
1. Seizure disorder,seizure disorder
6. Sensory deficits (potential hearing and vision impairment),sensory deficits potential hearing and vision impairment
Case 6: Septal hematoma or septal fracture,septal hematoma or septal fracture
3. Septic arthritis,septic arthritis
10. Severe exacerbation of COPD or pneumonia,severe exacerbation of copd or pneumonia
9. Severe malaria (complicated by hemolysis),severe malaria complicated by hemolysis
9. Severe traumatic brain injury,severe traumatic brain injury
2. Severe wound or laceration,severe wound or laceration
"3. (Sexual assault is not a pathology, but the consequences may include STIs, pregnancy)","sexual assault is not a pathology, but the consequences may include stis, pregnancy"
3. Sexually transmitted infection (PID),sexually transmitted infection pid
"Sexually transmitted infection (STI), possibly gonorrhea or chlamydia","sexually transmitted infection sti, possibly gonorrhea or chlamydia"
Case 10: Shift work disorder,shift work disorder
4. Shingles (herpes zoster),shingles herpes zoster
6. Shoulder Dislocation or Fracture,shoulder dislocation or fracture
10. Shoulder injury (possible fracture or dislocation),shoulder injury possible fracture or dislocation
10. Shoulder osteoarthritis,shoulder osteoarthritis
2. Sinus infection or bronchitis,sinus infection or bronchitis
Sinusitis,sinusitis
Sinusitis (allergic rhinitis),sinusitis allergic rhinitis
Sjogren's syndrome,sjogren's syndrome
2. Sjögren's syndrome,sjögren's syndrome
1. Sjögren's syndrome or fibromyalgia ,sjögren's syndrome or fibromyalgia
1. Sjögren's syndrome or lupus,sjögren's syndrome or lupus
9. Skeletal tuberculosis,skeletal tuberculosis
(case 4 skipped),skipped
1. Sleep Apnea ,sleep apnea
Small bowel obstruction,small bowel obstruction
9. Smoking-associated periodontitis,smoking-associated periodontitis
4. Snakebite (venomous),snakebite venomous
4. Social Anxiety Disorder,social anxiety disorder
"2. Specific Phobia, situational subtype","specific phobia, situational subtype"
8. Spinal cord injury,spinal cord injury
2. Spinal cord injury/cauda equina syndrome or spinal cord compression,spinal cord injury/cauda equina syndrome or spinal cord compression
Case 2: Spinal infection (or vertebral osteomyelitis or discitis),spinal infection or vertebral osteomyelitis or discitis
5. Spinal muscular atrophy (SMA),spinal muscular atrophy sma
Spinal stenosis ,spinal stenosis
6. Spinal Tuberculosis (Pott's disease),spinal tuberculosis pott's disease
6. Spontaneous intracranial hypotension due to a cerebrospinal fluid (CSF) leak,spontaneous intracranial hypotension due to a cerebrospinal fluid csf leak
Squamous cell carcinoma in situ ( Bowen's disease) ,squamous cell carcinoma in situ  bowen's disease
2. Squamous cell carcinoma (SCC),squamous cell carcinoma scc
7. ST-segment elevation myocardial infarction (STEMI),st-segment elevation myocardial infarction stemi
3. Stable angina,stable angina
Case 6: Stable Angina due to Coronary Heart Disease,stable angina due to coronary heart disease
3. Stable angina likely due to coronary artery disease,stable angina likely due to coronary artery disease
2. Stable angina variant - morning angina,stable angina variant - morning angina
"Stable angina, likely due to coronary artery disease","stable angina, likely due to coronary artery disease"
10. Staphylococcal food poisoning,staphylococcal food poisoning
9. Stasis dermatitis,stasis dermatitis
"Static electricity (Not a medical condition, consider none)","static electricity not a medical condition, consider none"
8. STEMI (ST-elevation myocardial infarction),stemi st-elevation myocardial infarction
6. Streptococcal pharyngitis,streptococcal pharyngitis
4. Stress fracture (spondylolysis),stress fracture spondylolysis
3. Stress urinary incontinence,stress urinary incontinence
10. Stroke,stroke
10. Stroke (possibly ischemic),stroke possibly ischemic
1. Subarachnoid hemorrhage,subarachnoid hemorrhage
2. Subarachnoid hemorrhage (stroke),subarachnoid hemorrhage stroke
7. Superficial abrasion,superficial abrasion
Superficial laceration (and risk of infection),superficial laceration and risk of infection
2. Superficial thrombophlebitis,superficial thrombophlebitis
4. Supracondylar fracture of the humerus,supracondylar fracture of the humerus
1. Supraventricular tachycardia (SVT),supraventricular tachycardia svt
3. Symptomatic gallstones (cholelithiasis),symptomatic gallstones cholelithiasis
4. Symptomatic osteoarthritis of the thumb,symptomatic osteoarthritis of the thumb
8. Symptomatic Varicose Veins,symptomatic varicose veins
7. Synesthesia,synesthesia
Syphilis,syphilis
"5. Systemic condition (possible infection, inflammation, or malignancy)","systemic condition possible infection, inflammation, or malignancy"
9. Systemic illness like malignancy (considering metastatic disease or primary brain tumor),systemic illness like malignancy considering metastatic disease or primary brain tumor
5. Tachycardia-induced cardiomyopathy and heart failure (due to atrial fibrillation),tachycardia-induced cardiomyopathy and heart failure due to atrial fibrillation
10. Temporal arteritis (giant cell arteritis),temporal arteritis giant cell arteritis
2. Temporomandibular joint (TMJ) dysfunction,temporomandibular joint tmj dysfunction
3. Tension pneumothorax,tension pneumothorax
9. Tension-type headache,tension-type headache
3. Testicular cancer,testicular cancer
1. Testicular torsion,testicular torsion
6. Testicular torsion or testicular cancer,testicular torsion or testicular cancer
10. Tetanus or bacterial infection,tetanus or bacterial infection
8. Thalassemia,thalassemia
(The 10th case is not a medical condition.),the 10th case is not a medical condition.
10. Theophylline-induced insomnia,theophylline-induced insomnia
Third-degree burn ,third-degree burn
5. Thoracic Endometriosis Syndrome,thoracic endometriosis syndrome
7. Thoracolumbar fracture,thoracolumbar fracture
8. Throat Infection/Tonsillitis or possibly Thyroid/Esophageal Disorder ,throat infection/tonsillitis or possibly thyroid/esophageal disorder
3. Thrombocytopenia,thrombocytopenia
Thrombosed external hemorrhoid,thrombosed external hemorrhoid
Case 2: Thumb carpometacarpal (CMC) joint osteoarthritis,thumb carpometacarpal cmc joint osteoarthritis
2. Thumb dislocation,thumb dislocation
8. Tinea incognito (fungal infection treated with corticosteroid cream),tinea incognito fungal infection treated with corticosteroid cream
5. Tinea pedis,tinea pedis
4. Tinea pedis (Moccasin-type athlete's foot),tinea pedis moccasin-type athlete's foot
Transient ischemic attack (TIA),transient ischemic attack tia
5. Traumatic Brain Injury ,traumatic brain injury
9. Traumatic brain injury or skull fracture,traumatic brain injury or skull fracture
Traumatic conjunctivitis,traumatic conjunctivitis
Traumatic fracture due to assault,traumatic fracture due to assault
10. Traumatic iridodialysis,traumatic iridodialysis
Traumatic optic neuropathy or retinal detachment,traumatic optic neuropathy or retinal detachment
Traumatic or foreign body-induced conjunctivitis,traumatic or foreign body-induced conjunctivitis
7. Traumatic pneumothorax,traumatic pneumothorax
Traveler's diarrhea ,traveler's diarrhea
1. Trisomy 18 (Edwards syndrome),trisomy 18 edwards syndrome
10. Tuberculosis,tuberculosis
Case 6: Tuberculosis reactivation,tuberculosis reactivation
Tuberculosis (TB) infection ,tuberculosis tb infection
7. Type 1 Diabetes,type 1 diabetes
2. Type 1 Diabetes (poor glycemic control),type 1 diabetes poor glycemic control
10. Type 2 Diabetes,type 2 diabetes
9. Type 2 diabetes mellitus,type 2 diabetes mellitus
3. Ulcerative Colitis (UC),ulcerative colitis uc
5. Ultraviolet keratitis (welder's flash or flash burn),ultraviolet keratitis welder's flash or flash burn
5. Uncomplicated cystitis,uncomplicated cystitis
8. Uncontrolled asthma ,uncontrolled asthma
Uncontrolled hypothyroidism or major depressive disorder ,uncontrolled hypothyroidism or major depressive disorder
"10. Unspecified (main condition not mentioned, focus on medication side effects)","unspecified main condition not mentioned, focus on medication side effects"
"8. Unspecified (potential condition: Psychosis, but main issue is medication adherence)","unspecified potential condition: psychosis, but main issue is medication adherence"
"6. Unspecified (potential conditions: cancer, gastrointestinal disorders, depression, or metabolic conditions)","unspecified potential conditions: cancer, gastrointestinal disorders, depression, or metabolic conditions"
3. Unstable angina (Acute Coronary Syndrome),unstable angina acute coronary syndrome
Case 7: Unstable angina as part of acute coronary syndrome (ACS),unstable angina as part of acute coronary syndrome acs
Unstable angina.,unstable angina.
8. Upper gastrointestinal bleeding (possibly from a peptic ulcer),upper gastrointestinal bleeding possibly from a peptic ulcer
7. Urethral injury or trauma to the bladder or kidneys.,urethral injury or trauma to the bladder or kidneys.
4. Uric acid stone (possibly related to Lesch-Nyhan syndrome or Gout),uric acid stone possibly related to lesch-nyhan syndrome or gout
5. Urinary tract infection and bacterial vaginosis,urinary tract infection and bacterial vaginosis
2. Urinary tract infection and kidney stone with sepsis,urinary tract infection and kidney stone with sepsis
8. Urinary tract infection (antibiotic-resistant or persistent),urinary tract infection antibiotic-resistant or persistent
Urinary tract infection (cystitis),urinary tract infection cystitis
3. Urinary tract infection (UTI),urinary tract infection uti
3. Urinary tract infection (UTI) / sexually transmitted infections (STIs),urinary tract infection uti / sexually transmitted infections stis
"2. Urinary tract infection (UTI), likely cystitis.","urinary tract infection uti, likely cystitis."
3. Urogenital atrophy,urogenital atrophy
7. Urosepsis,urosepsis
Uterine Polyp or Submucosal Fibroid,uterine polyp or submucosal fibroid
3. UTI/Herpes Simplex,uti/herpes simplex
8. Uveitis,uveitis
Variant (Prinzmetal's) angina ,variant prinzmetal's angina
7. Varicella (chickenpox),varicella chickenpox
2. Varicella pneumonia,varicella pneumonia
4. Varicose veins,varicose veins
1. Varicose veins and peripheral artery disease ,varicose veins and peripheral artery disease
8. Vascular dementia,vascular dementia
Vasculogenic Erectile Dysfunction,vasculogenic erectile dysfunction
6. Venomous spider bite (brown recluse),venomous spider bite brown recluse
2. Venous stasis ulcer/Chronic venous insufficiency,venous stasis ulcer/chronic venous insufficiency
8. Vertebral compression fracture,vertebral compression fracture
4. Vesicular athlete's foot (tinea pedis) ,vesicular athlete's foot tinea pedis
1. Vestibular migraine,vestibular migraine
7. Vestibular neuritis or labyrinthitis (possible posterior circulation stroke),vestibular neuritis or labyrinthitis possible posterior circulation stroke
9. Vestibular System Problem (potentially related to a concussion),vestibular system problem potentially related to a concussion
Viral conjunctivitis,viral conjunctivitis
7. Viral gastroenteritis,viral gastroenteritis
5. Viral tonsillitis,viral tonsillitis
Vitamin B12 or folate deficiency,vitamin b12 or folate deficiency
9. Vitamin D deficiency,vitamin d deficiency
Vitamin D toxicity,vitamin d toxicity
9. Vitiligo,vitiligo
9. Vulvovaginal candidiasis ,vulvovaginal candidiasis
5. Weight gain associated with Bipolar Disorder treatment,weight gain associated with bipolar disorder treatment
4. Wet age-related macular degeneration,wet age-related macular degeneration
8. Wet (neovascular) age-related macular degeneration,wet neovascular age-related macular degeneration
Whiplash injury ,whiplash injury
Whiplash Injury with Nerve Involvement,whiplash injury with nerve involvement
4. Whiplash injury/Chronic whiplash syndrome,whiplash injury/chronic whiplash syndrome
7. Whiplash-associated disorder (WAD),whiplash-associated disorder wad
1. Williams syndrome,williams syndrome
7. Wound infection/abrasion,wound infection/abrasion
10. Wound injury,wound injury
Wound with embedded debris,wound with embedded debris
1. Wound with potential blood vessel involvement,wound with potential blood vessel involvement
2. Wound with risk of infection (no specific pathology mentioned),wound with risk of infection no specific pathology mentioned
5. Wrist dislocation,wrist dislocation
10. Wrist sprain or fracture (such as scaphoid or Colles' fracture),wrist sprain or fracture such as scaphoid or colles' fracture
10. Zika virus,zika virus
7. Zika virus infection ,zika virus infection
